{
    "name": "elkan5e",
    "title": "Elkan5e Dev",
    "description": "Elkan Content",
    "version": "1.1.0",
    "author": "DM Staley, Lore Leider",
    "url":"https://github.com/etoy22/elkan5e",
    "minimumCoreVersion": "0.8.6",
    "compatibleCoreVersion": "9",
    "packs": [
        {
            "name": "elkan5e-items",
            "label": "Elkan5e Items",
            "path": "./packs/elkan5e-items.db",
            "entity": "Item"
        },
		{
            "name": "elkan5e-class",
            "label": "Elkan5e Class",
            "path": "./packs/elkan5e-class.db",
            "entity": "Item"
        },
        {
            "name": "elkan5e-subclass",
            "label": "Elkan5e Subclass",
            "path": "./packs/elkan5e-subclass.db",
            "entity": "Item"
        },
		{
            "name": "elkan5e-class-features",
            "label": "Elkan5e Class Features",
            "path": "./packs/elkan5e-classFeatures.db",
            "entity": "Item"
        },
		{
            "name": "elkan5e-rules",
            "label": "Elkan5e Rules",
            "path": "./packs/elkan5e-rules.db",
            "entity": "JournalEntry"
        },
		{
            "name": "elkan5e-spells",
            "label": "Elkan5e Spells",
            "path": "./packs/elkan5e-spells.db",
            "entity": "Item"
        },
		{
            "name": "elkan5e-creatures",
            "label": "Elkan5e Creatures",
            "path": "./packs/elkan5e-creatures.db",
            "entity": "Actor"
        },
		{
            "name": "elkan5e-journal-entries",
            "label": "Elkan5e Journal Entries",
            "path": "./packs/elkan5e-journal-entries.db",
            "entity": "JournalEntry"
        },
		{
            "name": "elkan5e-roll-tables",
            "label": "Elkan5e Roll Tables",
            "path": "./packs/elkan5e-roll-tables.db",
            "entity": "RollTable"
        },
		{
            "name": "elkan5e-macros",
            "label": "Elkan5e Macros",
            "path": "./packs/elkan5e-macros.db",
            "entity": "Macro"
        },
		{
            "name": "elkan5e-scenes",
            "label": "Elkan5e Scenes",
            "path": "./packs/elkan5e-scenes.db",
            "entity": "Scene"
        },
        {
            "name": "elkan5e-notes",
            "label": "Elkan5e Notes",
            "path": "./packs/elkan5e-notes.db",
            "entity": "JournalEntry"
        }
    ],
    "manifest": "https://github.com/etoy22/elkan5e/releases/latest/download/module.json",
    "download": "https://github.com/etoy22/elkan5e/releases/latest/download/module.zip"
  }
